101,jpg,Great Room
100,jpg,Living Room from Entry Foyer
102,jpg,"Entry Foyer, looking towards Office"
103,jpg,"Great Room, looking towards dining area"
105,jpg,Kitchen
106,jpg,Kitchen
107,jpg,"Kitchen, looking towards Great Room"
108,jpg,"Dining area, looking towards Foyer and stair"
109,jpg,Hallway to Master Bedroom
112,jpg,Master Bedroom looking towards french doors to deck
113,jpg,Master Bedroom looking back towards hallway and ensuite
114,jpg,Master Bedroom Ensuite Bathroom
115,jpg,Master Bedroom Ensuite Bathroom
