01,jpg,Right Side view
02,jpg,Entry side view
03,jpg,Entry side view
04,jpg,Garage and driveway
05,jpg,Left Side view
06,jpg,Front left side view
07,jpg,Front view
08,jpg,Front right view from below
00,jpg,Birds eye view
100,jpg,Living Room from Entry Foyer
101,jpg,Great Room
102,jpg,"Entry Foyer, looking towards Office"
103,jpg,"Great Room, looking towards dining area"
104,jpg,Kitchen
105,jpg,Kitchen
106,jpg,Kitchen
107,jpg,"Kitchen, looking towards Great Room"
108,jpg,"Dining area, looking towards Foyer and stair"
109,jpg,Hallway to Master Bedroom
111,jpg,Master Bedroom entry area
112,jpg,Master Bedroom looking towards french doors to deck
113,jpg,Master Bedroom looking back towards hallway and ensuite
114,jpg,Master Bedroom Ensuite Bathroom
115,jpg,Master Bedroom Ensuite Bathroom
