00,jpg,Exterior View near entry steps
01,jpg,Exterior View from driveway
02,jpg,Exterior Front view
03,jpg,Exterior Front view
04,jpg,Exterior Left view
05,jpg,Exterior Left view
06,jpg,Exterior Rear (entry) view
07,jpg,Exterior Rear (entry) view
08,jpg,Exterior Right side deck over driveway
09,jpg,Exterior Front side Living Room windows
10,jpg,Bird's-eye view of deck and house
101,jpg,Kitchen
102,jpg,Kitchen
103,jpg,Dining area with Living Room beyond
104,jpg,Dining area
105,jpg,Living Room
106,jpg,Living Room
107,jpg,Looking towards Kitchen and Loft from Living Room
108,jpg,Bottom of log stairway
109,jpg,Main floor front Bedroom
110,jpg,Main floor front Bedroom
111,jpg,Main floor back Bedroom
112,jpg,Main floor back Bedroom
113,jpg,Log stairway
114,jpg,Log stairway
115,jpg,Loft from top of stairway
116,jpg,"Loft, looking towards ceiling over Living Room"
117,jpg,"Loft, looking towards Master Bedroom"
118,jpg,Master Bedroom
119,jpg,Master Bedroom
120,jpg,Master Bedroom
121,jpg,Master Bedroom

