prow-wide,jpg,Front Left view
prow-close,jpg,Front Prow with Balcony and main Deck
entry,jpg,Entry side view
entry-natural,jpg,Painted mural near Foyer
fireplace,jpg,Fireplace in Great Room
main_stair,jpg,Log Stair in Great Room
dining-living,jpg,Dining area in Great Room
dining-kitchen1,jpg,Dining area looking towards Kitchen
kitchen,jpg,Kitchen
master-loft2,jpg,Master Suite looking towards bridge over Great Room
master-loft,jpg,Bridge over Great Room from Master Suite
loft-dining,jpg,Looking down to Great Room from Master Suite
log-bar1,jpg,Log Bar on Lower Floor
log-bar2,jpg,Log Bar on Lower Floor
log-bar3,jpg,Log Bar in Lower Floor

