7,jpg,Front view
0,jpg,Front view
1,jpg,Right side view
2,jpg,Right side view
3,jpg,Rear view
4,jpg,Rear view
5,jpg,Left side view
6,jpg,Left side view
8,jpg,Front deck: close-up of french door to Living Room
9,jpg,"Right side deck, with french doors to Living Room"
10,jpg,"Right side deck, with french doors to Living Room"
11,jpg,"Rear deck, with french door to Nook"
12,jpg,Rear deck
13,jpg,Left side deck and entry door
14,jpg,Front birds-eye view of upper balcony and lower deck
15,jpg,Rear birds-eye view of Master Suite balcony
20,jpg,Foyer looking towards Living Room
21,jpg,Living Room looking toward right side French Doors
22,jpg,Living Room Fireplace
23,jpg,Living Room looking toward Stair
24,jpg,Nook from Living Room near fireplace
25,jpg,Kitchen
26,jpg,Kitchen looking towards stairway and Living Room
27,jpg,Nook seating area
28,jpg,French door to rear deck from Nook
29,jpg,Looking towards fireplace from Nook
30,jpg,Main floor Bedroom
31,jpg,View up Stairway from Living Room
32,jpg,Walkway at top of stairs overlooking Living Room
33,jpg,Log stair viewed from upper walkway
34,jpg,Living Room viewed from Upper Walkway
35,jpg,Master Suite french door to balcony
36,jpg,Master Suite
37,jpg,Master Suite looking towards Bathroom
38,jpg,Master Bathroom
39,jpg,Master Bathroom
40,jpg,Upper Bedroom at rear
41,jpg,Upper Bedroom at rear
42,jpg,Upper Bedroom at front with french door to balcony
43,jpg,Upper Bedroom at front with french door to balcony
