0,jpg,Right rear view
1,jpg,Front right view
2,jpg,Front view
3,jpg,Left front view
6,jpg,Rear view with deck
7,jpg,Rear view
100,jpg,Living Room
101,jpg,Dining and Kitchen
102,jpg,Living Room fireplace
103,jpg,Kitchen
104,jpg,Kitchen
105,jpg,Kitchen
106,jpg,Master Bedroom
107,jpg,Master Bedroom
108,jpg,Master Ensuite
109,jpg,Living Room from Dining area
111,jpg,Loft area
112,jpg,Living Room ceiling from Loft
113,jpg,Living Room from Loft
114,jpg,Loft area
116,jpg,Upper floor bedroom beside Loft
117,jpg,Upper floor bedroom beside Loft
118,jpg,Upper floor back bedroom
