0,jpg,Side View
1,jpg,Front View
2,jpg,Front View
3,jpg,Left Side view
4,jpg,Left Side Back view
6,jpg,Right Side Back view
7,jpg,Right Side view
8,jpg,Front Covered Patio with Fireplace
9,jpg,Covered Front Entry
10,jpg,Upper Patio off of Master Bedroom
100,jpg,Living Room from Foyer
101,jpg,Dining and Kitchen from Living Room
102,jpg,Kitchen
103,jpg,Kitchen from Dining Area
104,jpg,Dining Area
105,jpg,Looking towards Fireplace and Living Room from Dining Area
106,jpg,"Living Room, looking up at vaulted ceiling and dormer"
107,jpg,Interior stairway
110,jpg,Looking towards Bedroom from top of stairway
111,jpg,Upper Bedroom
112,jpg,Upper Bedroom looking towards french door to deck
113,jpg,Upper Bedroom looking towards bathroom
114,jpg,Upper Bedroom fireplace
115,jpg,Upper Bedroom looking towards dormer over Foyer
116,jpg,Upper Bedroom looking towards dormer over Foyer
117,jpg,Upper Bedroom looking towards french door to deck
118,jpg,Upper Bathroom
119,jpg,Upper Bathroom
