0,jpg,Front view
1,jpg,Right side view
2,jpg,Right side view
3,jpg,Rear view
4,jpg,Rear view
5,jpg,Left side view
6,jpg,Left side view
8,jpg,Front deck: close-up of french door to Living Room
9,jpg,"Right side deck, with french doors to Living Room"
10,jpg,"Right side deck, with french doors to Living Room"
11,jpg,"Rear deck, with french door to Nook"
12,jpg,Rear deck
13,jpg,Left side deck and entry door
14,jpg,Front birds-eye view of upper balcony and lower deck
15,jpg,Rear birds-eye view of Master Suite balcony
