int1-01,jpg,Living room
int1-02,jpg,Kitchen
int1-03,jpg,View up stairway from hall
int1-04,jpg,Family room
int1-06,jpg,Main floor bedroom
int1-08,jpg,Main floor bathroom
int2-01,jpg,Loft
int2-03,jpg,Master bedroom
int2-04,jpg,Master bedroom
int2-05,jpg,Master bathroom
int2-06,jpg,Master bathroom
int1-00,jpg,Entry foyer--view up to loft
int1-05,jpg,Family room
int1-07,jpg,Main floor bedroom
int1-09,jpg,Main floor bathroom
int1-10,jpg,Loft
int2-00,jpg,Loft
int2-02,jpg,Loft
int1-04v,jpg,View up stairway from hall
