104,jpg,Upper Floor Suite: Living Room
100,jpg,Upper Floor Suite: Living area from entry
101,jpg,Upper Floor Suite: Kitchen
102,jpg,Upper Floor Suite: Kitchen vaulted ceiling
103,jpg,Upper Floor Suite: Kitchen with pass-thru to dining
105,jpg,Upper Floor Suite: Living Room
106,jpg,Upper Floor Suite: Living and dining area
107,jpg,Upper Floor Suite: Front bedroom
108,jpg,Upper Floor Suite: Front bedroom
109,jpg,Upper Floor Suite: Front bedroom
110,jpg,Upper Floor Suite: Back bedroom
111,jpg,Upper Floor Suite: Back bedroom
112,jpg,Upper Floor Suite: Back bedroom vaulted ceiling
