0,jpg,Front Right view
1,jpg,Front Left View
2,jpg,Left Side view
4,jpg,Back (Entry) Side View
5,jpg,Back (Entry) Side View
6,jpg,Right Side View
7,jpg,Right Side View
100,jpg,Interior view from Foyer to Kitchen
101,jpg,Interior view of Kitchen and Living Room
102,jpg,Interior view of Living Room prow windows
104,jpg,Interior view of Living Room stairway
105,jpg,Interior view of Living Room with Loft above
106,jpg,Interior view of Living Room towards stairway
107,jpg,Interior view of Dining Room
108,jpg,Interior view from Dining Room to Kitchen
109,jpg,Interior view of Dining Room
111,jpg,Interior view of Loft
112,jpg,Interior view of Loft
113,jpg,"Loft, right side sitting area with french doors to balcony"
114,jpg,"Loft, right side sitting area and stairway"
115,jpg,Interior view of Loft from sitting area
117,jpg,Master Bedroom with french doors to balcony
118,jpg,"Master Bedroom, looking back toward Ensuite bathroom"
119,jpg,Master Bedroom fireplace
