int1-03,jpg,Kitchen
int1-04,jpg,Dining area from kitchen
int1-05,jpg,Great room
int1-06,jpg,Great room and nook
int1-08,jpg,Kitchen and stairway from great room
int2-01,jpg,Loft
int2-04,jpg,Great room from loft
int2-06,jpg,Master bedroom
int2-08,jpg,Master bedroom
int2-09,jpg,Master bathroom vanity
int2-10,jpg,Master bathroom tub and shower
int1-00,jpg,Entry foyer
int1-01,jpg,Kitchen
int1-02,jpg,Kitchen
int1-07,jpg,Great room
int1-11,jpg,Main floor bathroom
int1-12,jpg,Typical main floor bedroom
int1-13,jpg,Typical main floor bedroom
int2-00,jpg,Loft
int2-02,jpg,Loft
int2-03,jpg,Great room from loft
int2-05,jpg,Master bedroom doorway
int2-07,jpg,Master bedroom
