101,jpg,Living Room window wall
100,jpg,Looking towards kitchen from Entry
102,jpg,"Living Room, looking towards Dining area"
103,jpg,"Living Room, looking back towards Kitchen and Loft"
104,jpg,"Living Room, looking back towards stairway and Loft"
105,jpg,Living Room
107,jpg,Kitchen
109,jpg,"Kitchen, looking towards Dining area"
113,jpg,"Hallway, looking towards Living Room"
114,jpg,Entry Foyer
115,jpg,Log Stairway
202,jpg,Loft
204,jpg,Master Bedroom right wall
205,jpg,Master Bedroom vaulted dormer
206,jpg,Master Bedroom looking towards ensuite bath
207,jpg,Master Bedroom looking towards Living Room
208,jpg,Master Ensuite Bathroom
214,jpg,Living Room from Loft
